Date,Product/Service,Target Audience,Campaign Goal,Channel,Impressions,Clicks,Conversions,CTR (%),Cost ($)
2024-06-01,Pick Your Own Strawberries This Summer!,"Families, Kids, Nature Enthusiasts",Create unforgettable memories at the farm,Facebook,1067,95,3,8.9,140.1
2024-06-01,Pick Your Own Strawberries This Summer!,"Families, Kids, Nature Enthusiasts",Create unforgettable memories at the farm,Instagram,2729,128,15,4.69,113.67
2024-06-01,Pick Your Own Strawberries This Summer!,"Families, Kids, Nature Enthusiasts",Create unforgettable memories at the farm,Google Ads,3889,279,15,7.17,93.6
2024-06-01,Pick Your Own Strawberries This Summer!,"Families, Kids, Nature Enthusiasts",Create unforgettable memories at the farm,Email Campaign,2695,263,21,9.76,90.01
2024-06-01,Pick Your Own Strawberries This Summer!,"Families, Kids, Nature Enthusiasts",Create unforgettable memories at the farm,Twitter,3284,268,31,8.16,180.95
2024-06-02,Pick Your Own Strawberries This Summer!,"Families, Kids, Nature Enthusiasts",Create unforgettable memories at the farm,Facebook,4402,224,17,5.09,30.85
2024-06-02,Pick Your Own Strawberries This Summer!,"Families, Kids, Nature Enthusiasts",Create unforgettable memories at the farm,Instagram,1964,80,10,4.07,142.86
2024-06-02,Pick Your Own Strawberries This Summer!,"Families, Kids, Nature Enthusiasts",Create unforgettable memories at the farm,Google Ads,2717,86,15,3.17,156.19
2024-06-02,Pick Your Own Strawberries This Summer!,"Families, Kids, Nature Enthusiasts",Create unforgettable memories at the farm,Email Campaign,1851,93,7,5.02,158.96
2024-06-02,Pick Your Own Strawberries This Summer!,"Families, Kids, Nature Enthusiasts",Create unforgettable memories at the farm,Twitter,4524,342,48,7.56,40.11
2024-06-03,Pick Your Own Strawberries This Summer!,"Families, Kids, Nature Enthusiasts",Create unforgettable memories at the farm,Facebook,3294,324,18,9.84,132.65
2024-06-03,Pick Your Own Strawberries This Summer!,"Families, Kids, Nature Enthusiasts",Create unforgettable memories at the farm,Instagram,2097,127,14,6.06,139.2
2024-06-03,Pick Your Own Strawberries This Summer!,"Families, Kids, Nature Enthusiasts",Create unforgettable memories at the farm,Google Ads,4472,268,27,5.99,147.67
2024-06-03,Pick Your Own Strawberries This Summer!,"Families, Kids, Nature Enthusiasts",Create unforgettable memories at the farm,Email Campaign,892,89,4,9.98,179.79
2024-06-03,Pick Your Own Strawberries This Summer!,"Families, Kids, Nature Enthusiasts",Create unforgettable memories at the farm,Twitter,4768,58,11,1.22,118.17
2024-06-04,Pick Your Own Strawberries This Summer!,"Families, Kids, Nature Enthusiasts",Create unforgettable memories at the farm,Facebook,1831,137,15,7.48,143.68
2024-06-04,Pick Your Own Strawberries This Summer!,"Families, Kids, Nature Enthusiasts",Create unforgettable memories at the farm,Instagram,4941,162,29,3.28,35.92
2024-06-04,Pick Your Own Strawberries This Summer!,"Families, Kids, Nature Enthusiasts",Create unforgettable memories at the farm,Google Ads,1780,143,25,8.03,72.12
2024-06-04,Pick Your Own Strawberries This Summer!,"Families, Kids, Nature Enthusiasts",Create unforgettable memories at the farm,Email Campaign,3462,206,2,5.95,133.11
2024-06-04,Pick Your Own Strawberries This Summer!,"Families, Kids, Nature Enthusiasts",Create unforgettable memories at the farm,Twitter,4049,259,45,6.4,61.42
2024-06-05,Pick Your Own Strawberries This Summer!,"Families, Kids, Nature Enthusiasts",Create unforgettable memories at the farm,Facebook,4278,295,40,6.9,76.14
2024-06-05,Pick Your Own Strawberries This Summer!,"Families, Kids, Nature Enthusiasts",Create unforgettable memories at the farm,Instagram,3558,230,5,6.46,168.95
2024-06-05,Pick Your Own Strawberries This Summer!,"Families, Kids, Nature Enthusiasts",Create unforgettable memories at the farm,Google Ads,845,66,9,7.81,23.25
2024-06-05,Pick Your Own Strawberries This Summer!,"Families, Kids, Nature Enthusiasts",Create unforgettable memories at the farm,Email Campaign,3113,264,52,8.48,130.18
2024-06-05,Pick Your Own Strawberries This Summer!,"Families, Kids, Nature Enthusiasts",Create unforgettable memories at the farm,Twitter,1111,60,8,5.4,80.31
2024-06-06,Pick Your Own Strawberries This Summer!,"Families, Kids, Nature Enthusiasts",Create unforgettable memories at the farm,Facebook,1687,55,10,3.26,87.6
2024-06-06,Pick Your Own Strawberries This Summer!,"Families, Kids, Nature Enthusiasts",Create unforgettable memories at the farm,Instagram,2945,280,11,9.51,52.62
2024-06-06,Pick Your Own Strawberries This Summer!,"Families, Kids, Nature Enthusiasts",Create unforgettable memories at the farm,Google Ads,1125,65,10,5.78,105.43
2024-06-06,Pick Your Own Strawberries This Summer!,"Families, Kids, Nature Enthusiasts",Create unforgettable memories at the farm,Email Campaign,4858,77,14,1.59,115.2
2024-06-06,Pick Your Own Strawberries This Summer!,"Families, Kids, Nature Enthusiasts",Create unforgettable memories at the farm,Twitter,3761,85,13,2.26,154.58
2024-06-07,Pick Your Own Strawberries This Summer!,"Families, Kids, Nature Enthusiasts",Create unforgettable memories at the farm,Facebook,552,55,8,9.96,92.82
2024-06-07,Pick Your Own Strawberries This Summer!,"Families, Kids, Nature Enthusiasts",Create unforgettable memories at the farm,Instagram,4371,138,23,3.16,99.38
2024-06-07,Pick Your Own Strawberries This Summer!,"Families, Kids, Nature Enthusiasts",Create unforgettable memories at the farm,Google Ads,4897,391,58,7.98,86.15
2024-06-07,Pick Your Own Strawberries This Summer!,"Families, Kids, Nature Enthusiasts",Create unforgettable memories at the farm,Email Campaign,2926,125,14,4.27,180.1
2024-06-07,Pick Your Own Strawberries This Summer!,"Families, Kids, Nature Enthusiasts",Create unforgettable memories at the farm,Twitter,3553,67,12,1.89,81.93
2024-06-08,Pick Your Own Strawberries This Summer!,"Families, Kids, Nature Enthusiasts",Create unforgettable memories at the farm,Facebook,4721,417,29,8.83,73.27
2024-06-08,Pick Your Own Strawberries This Summer!,"Families, Kids, Nature Enthusiasts",Create unforgettable memories at the farm,Instagram,899,79,8,8.79,56.15
2024-06-08,Pick Your Own Strawberries This Summer!,"Families, Kids, Nature Enthusiasts",Create unforgettable memories at the farm,Google Ads,4610,460,37,9.98,68.47
2024-06-08,Pick Your Own Strawberries This Summer!,"Families, Kids, Nature Enthusiasts",Create unforgettable memories at the farm,Email Campaign,2218,175,33,7.89,120.64
2024-06-08,Pick Your Own Strawberries This Summer!,"Families, Kids, Nature Enthusiasts",Create unforgettable memories at the farm,Twitter,3141,236,42,7.51,167.43
2024-06-09,Pick Your Own Strawberries This Summer!,"Families, Kids, Nature Enthusiasts",Create unforgettable memories at the farm,Facebook,1143,58,10,5.07,67.1
2024-06-09,Pick Your Own Strawberries This Summer!,"Families, Kids, Nature Enthusiasts",Create unforgettable memories at the farm,Instagram,2206,179,20,8.11,163.66
2024-06-09,Pick Your Own Strawberries This Summer!,"Families, Kids, Nature Enthusiasts",Create unforgettable memories at the farm,Google Ads,554,52,7,9.39,54.49
2024-06-09,Pick Your Own Strawberries This Summer!,"Families, Kids, Nature Enthusiasts",Create unforgettable memories at the farm,Email Campaign,4883,296,28,6.06,67.32
2024-06-09,Pick Your Own Strawberries This Summer!,"Families, Kids, Nature Enthusiasts",Create unforgettable memories at the farm,Twitter,2647,132,16,4.99,167.39
2024-06-10,Pick Your Own Strawberries This Summer!,"Families, Kids, Nature Enthusiasts",Create unforgettable memories at the farm,Facebook,2593,187,36,7.21,30.62
2024-06-10,Pick Your Own Strawberries This Summer!,"Families, Kids, Nature Enthusiasts",Create unforgettable memories at the farm,Instagram,1737,138,8,7.94,164.13
2024-06-10,Pick Your Own Strawberries This Summer!,"Families, Kids, Nature Enthusiasts",Create unforgettable memories at the farm,Google Ads,2479,105,17,4.24,199.48
2024-06-10,Pick Your Own Strawberries This Summer!,"Families, Kids, Nature Enthusiasts",Create unforgettable memories at the farm,Email Campaign,591,55,8,9.31,110.93
2024-06-10,Pick Your Own Strawberries This Summer!,"Families, Kids, Nature Enthusiasts",Create unforgettable memories at the farm,Twitter,3187,238,26,7.47,160.16
2024-06-11,Pick Your Own Strawberries This Summer!,"Families, Kids, Nature Enthusiasts",Create unforgettable memories at the farm,Facebook,1974,162,23,8.21,49.7
2024-06-11,Pick Your Own Strawberries This Summer!,"Families, Kids, Nature Enthusiasts",Create unforgettable memories at the farm,Instagram,2140,83,8,3.88,152.24
2024-06-11,Pick Your Own Strawberries This Summer!,"Families, Kids, Nature Enthusiasts",Create unforgettable memories at the farm,Google Ads,4595,279,22,6.07,145.43
2024-06-11,Pick Your Own Strawberries This Summer!,"Families, Kids, Nature Enthusiasts",Create unforgettable memories at the farm,Email Campaign,2327,93,1,4.0,166.92
2024-06-11,Pick Your Own Strawberries This Summer!,"Families, Kids, Nature Enthusiasts",Create unforgettable memories at the farm,Twitter,2092,95,16,4.54,195.46
2024-06-12,Pick Your Own Strawberries This Summer!,"Families, Kids, Nature Enthusiasts",Create unforgettable memories at the farm,Facebook,3700,257,19,6.95,180.03
2024-06-12,Pick Your Own Strawberries This Summer!,"Families, Kids, Nature Enthusiasts",Create unforgettable memories at the farm,Instagram,2973,158,30,5.31,52.71
2024-06-12,Pick Your Own Strawberries This Summer!,"Families, Kids, Nature Enthusiasts",Create unforgettable memories at the farm,Google Ads,573,56,6,9.77,52.4
2024-06-12,Pick Your Own Strawberries This Summer!,"Families, Kids, Nature Enthusiasts",Create unforgettable memories at the farm,Email Campaign,2665,140,10,5.25,111.8
2024-06-12,Pick Your Own Strawberries This Summer!,"Families, Kids, Nature Enthusiasts",Create unforgettable memories at the farm,Twitter,1567,107,2,6.83,31.71
2024-06-13,Pick Your Own Strawberries This Summer!,"Families, Kids, Nature Enthusiasts",Create unforgettable memories at the farm,Facebook,568,56,3,9.86,193.33
2024-06-13,Pick Your Own Strawberries This Summer!,"Families, Kids, Nature Enthusiasts",Create unforgettable memories at the farm,Instagram,1459,87,13,5.96,91.5
2024-06-13,Pick Your Own Strawberries This Summer!,"Families, Kids, Nature Enthusiasts",Create unforgettable memories at the farm,Google Ads,3898,133,25,3.41,186.71
2024-06-13,Pick Your Own Strawberries This Summer!,"Families, Kids, Nature Enthusiasts",Create unforgettable memories at the farm,Email Campaign,2155,110,3,5.1,150.72
2024-06-13,Pick Your Own Strawberries This Summer!,"Families, Kids, Nature Enthusiasts",Create unforgettable memories at the farm,Twitter,1380,116,14,8.41,85.21
2024-06-14,Pick Your Own Strawberries This Summer!,"Families, Kids, Nature Enthusiasts",Create unforgettable memories at the farm,Facebook,4804,452,76,9.41,150.02
2024-06-14,Pick Your Own Strawberries This Summer!,"Families, Kids, Nature Enthusiasts",Create unforgettable memories at the farm,Instagram,1236,100,17,8.09,58.7
2024-06-14,Pick Your Own Strawberries This Summer!,"Families, Kids, Nature Enthusiasts",Create unforgettable memories at the farm,Google Ads,2381,136,7,5.71,150.15
2024-06-14,Pick Your Own Strawberries This Summer!,"Families, Kids, Nature Enthusiasts",Create unforgettable memories at the farm,Email Campaign,3213,199,38,6.19,55.56
2024-06-14,Pick Your Own Strawberries This Summer!,"Families, Kids, Nature Enthusiasts",Create unforgettable memories at the farm,Twitter,1151,100,16,8.69,24.49
2024-06-15,Pick Your Own Strawberries This Summer!,"Families, Kids, Nature Enthusiasts",Create unforgettable memories at the farm,Facebook,3615,322,58,8.91,28.84
2024-06-15,Pick Your Own Strawberries This Summer!,"Families, Kids, Nature Enthusiasts",Create unforgettable memories at the farm,Instagram,4017,188,34,4.68,158.47
2024-06-15,Pick Your Own Strawberries This Summer!,"Families, Kids, Nature Enthusiasts",Create unforgettable memories at the farm,Google Ads,1778,170,16,9.56,24.39
2024-06-15,Pick Your Own Strawberries This Summer!,"Families, Kids, Nature Enthusiasts",Create unforgettable memories at the farm,Email Campaign,3959,145,24,3.66,157.11
2024-06-15,Pick Your Own Strawberries This Summer!,"Families, Kids, Nature Enthusiasts",Create unforgettable memories at the farm,Twitter,4191,110,3,2.62,73.56
2024-06-16,Pick Your Own Strawberries This Summer!,"Families, Kids, Nature Enthusiasts",Create unforgettable memories at the farm,Facebook,3956,364,68,9.2,21.58
2024-06-16,Pick Your Own Strawberries This Summer!,"Families, Kids, Nature Enthusiasts",Create unforgettable memories at the farm,Instagram,3455,278,19,8.05,147.94
2024-06-16,Pick Your Own Strawberries This Summer!,"Families, Kids, Nature Enthusiasts",Create unforgettable memories at the farm,Google Ads,3355,127,6,3.79,67.52
2024-06-16,Pick Your Own Strawberries This Summer!,"Families, Kids, Nature Enthusiasts",Create unforgettable memories at the farm,Email Campaign,2541,156,19,6.14,102.25
2024-06-16,Pick Your Own Strawberries This Summer!,"Families, Kids, Nature Enthusiasts",Create unforgettable memories at the farm,Twitter,1275,111,4,8.71,26.74
2024-06-17,Pick Your Own Strawberries This Summer!,"Families, Kids, Nature Enthusiasts",Create unforgettable memories at the farm,Facebook,1729,144,1,8.33,117.38
2024-06-17,Pick Your Own Strawberries This Summer!,"Families, Kids, Nature Enthusiasts",Create unforgettable memories at the farm,Instagram,3249,237,29,7.29,57.8
2024-06-17,Pick Your Own Strawberries This Summer!,"Families, Kids, Nature Enthusiasts",Create unforgettable memories at the farm,Google Ads,4058,303,8,7.47,100.55
2024-06-17,Pick Your Own Strawberries This Summer!,"Families, Kids, Nature Enthusiasts",Create unforgettable memories at the farm,Email Campaign,3195,50,3,1.56,20.62
2024-06-17,Pick Your Own Strawberries This Summer!,"Families, Kids, Nature Enthusiasts",Create unforgettable memories at the farm,Twitter,1563,122,18,7.81,137.03
2024-06-18,Pick Your Own Strawberries This Summer!,"Families, Kids, Nature Enthusiasts",Create unforgettable memories at the farm,Facebook,3520,92,17,2.61,192.07
2024-06-18,Pick Your Own Strawberries This Summer!,"Families, Kids, Nature Enthusiasts",Create unforgettable memories at the farm,Instagram,3473,327,63,9.42,189.29
2024-06-18,Pick Your Own Strawberries This Summer!,"Families, Kids, Nature Enthusiasts",Create unforgettable memories at the farm,Google Ads,3760,264,38,7.02,140.76
2024-06-18,Pick Your Own Strawberries This Summer!,"Families, Kids, Nature Enthusiasts",Create unforgettable memories at the farm,Email Campaign,4492,229,37,5.1,122.77
2024-06-18,Pick Your Own Strawberries This Summer!,"Families, Kids, Nature Enthusiasts",Create unforgettable memories at the farm,Twitter,1145,52,4,4.54,125.2
2024-06-19,Pick Your Own Strawberries This Summer!,"Families, Kids, Nature Enthusiasts",Create unforgettable memories at the farm,Facebook,549,53,4,9.65,164.54
2024-06-19,Pick Your Own Strawberries This Summer!,"Families, Kids, Nature Enthusiasts",Create unforgettable memories at the farm,Instagram,4582,449,71,9.8,22.81
2024-06-19,Pick Your Own Strawberries This Summer!,"Families, Kids, Nature Enthusiasts",Create unforgettable memories at the farm,Google Ads,544,54,9,9.93,106.87
2024-06-19,Pick Your Own Strawberries This Summer!,"Families, Kids, Nature Enthusiasts",Create unforgettable memories at the farm,Email Campaign,3925,59,4,1.5,179.58
2024-06-19,Pick Your Own Strawberries This Summer!,"Families, Kids, Nature Enthusiasts",Create unforgettable memories at the farm,Twitter,3108,174,32,5.6,36.35
2024-06-20,Pick Your Own Strawberries This Summer!,"Families, Kids, Nature Enthusiasts",Create unforgettable memories at the farm,Facebook,3417,301,56,8.81,113.64
2024-06-20,Pick Your Own Strawberries This Summer!,"Families, Kids, Nature Enthusiasts",Create unforgettable memories at the farm,Instagram,4208,340,66,8.08,177.05
2024-06-20,Pick Your Own Strawberries This Summer!,"Families, Kids, Nature Enthusiasts",Create unforgettable memories at the farm,Google Ads,3514,193,9,5.49,167.5
2024-06-20,Pick Your Own Strawberries This Summer!,"Families, Kids, Nature Enthusiasts",Create unforgettable memories at the farm,Email Campaign,1844,62,9,3.36,99.7
2024-06-20,Pick Your Own Strawberries This Summer!,"Families, Kids, Nature Enthusiasts",Create unforgettable memories at the farm,Twitter,4567,300,32,6.57,96.58
2024-06-21,Pick Your Own Strawberries This Summer!,"Families, Kids, Nature Enthusiasts",Create unforgettable memories at the farm,Facebook,2223,104,15,4.68,120.77
2024-06-21,Pick Your Own Strawberries This Summer!,"Families, Kids, Nature Enthusiasts",Create unforgettable memories at the farm,Instagram,2609,108,16,4.14,103.33
2024-06-21,Pick Your Own Strawberries This Summer!,"Families, Kids, Nature Enthusiasts",Create unforgettable memories at the farm,Google Ads,2498,164,19,6.57,29.99
2024-06-21,Pick Your Own Strawberries This Summer!,"Families, Kids, Nature Enthusiasts",Create unforgettable memories at the farm,Email Campaign,1377,63,9,4.58,56.95
2024-06-21,Pick Your Own Strawberries This Summer!,"Families, Kids, Nature Enthusiasts",Create unforgettable memories at the farm,Twitter,4323,303,28,7.01,44.02
2024-06-22,Pick Your Own Strawberries This Summer!,"Families, Kids, Nature Enthusiasts",Create unforgettable memories at the farm,Facebook,557,51,8,9.16,181.15
2024-06-22,Pick Your Own Strawberries This Summer!,"Families, Kids, Nature Enthusiasts",Create unforgettable memories at the farm,Instagram,3591,303,50,8.44,130.71
2024-06-22,Pick Your Own Strawberries This Summer!,"Families, Kids, Nature Enthusiasts",Create unforgettable memories at the farm,Google Ads,4562,151,15,3.31,116.68
2024-06-22,Pick Your Own Strawberries This Summer!,"Families, Kids, Nature Enthusiasts",Create unforgettable memories at the farm,Email Campaign,2494,76,5,3.05,170.74
2024-06-22,Pick Your Own Strawberries This Summer!,"Families, Kids, Nature Enthusiasts",Create unforgettable memories at the farm,Twitter,4172,396,11,9.49,199.24
2024-06-23,Pick Your Own Strawberries This Summer!,"Families, Kids, Nature Enthusiasts",Create unforgettable memories at the farm,Facebook,4032,88,10,2.18,35.94
2024-06-23,Pick Your Own Strawberries This Summer!,"Families, Kids, Nature Enthusiasts",Create unforgettable memories at the farm,Instagram,3719,88,4,2.37,74.2
2024-06-23,Pick Your Own Strawberries This Summer!,"Families, Kids, Nature Enthusiasts",Create unforgettable memories at the farm,Google Ads,1516,53,6,3.5,64.44
2024-06-23,Pick Your Own Strawberries This Summer!,"Families, Kids, Nature Enthusiasts",Create unforgettable memories at the farm,Email Campaign,3240,234,12,7.22,105.93
2024-06-23,Pick Your Own Strawberries This Summer!,"Families, Kids, Nature Enthusiasts",Create unforgettable memories at the farm,Twitter,521,50,3,9.6,57.82
2024-06-24,Pick Your Own Strawberries This Summer!,"Families, Kids, Nature Enthusiasts",Create unforgettable memories at the farm,Facebook,4086,96,6,2.35,36.59
2024-06-24,Pick Your Own Strawberries This Summer!,"Families, Kids, Nature Enthusiasts",Create unforgettable memories at the farm,Instagram,3321,251,4,7.56,128.95
2024-06-24,Pick Your Own Strawberries This Summer!,"Families, Kids, Nature Enthusiasts",Create unforgettable memories at the farm,Google Ads,2623,228,27,8.69,89.39
2024-06-24,Pick Your Own Strawberries This Summer!,"Families, Kids, Nature Enthusiasts",Create unforgettable memories at the farm,Email Campaign,4033,99,8,2.45,111.07
2024-06-24,Pick Your Own Strawberries This Summer!,"Families, Kids, Nature Enthusiasts",Create unforgettable memories at the farm,Twitter,4219,240,13,5.69,95.93
2024-06-25,Pick Your Own Strawberries This Summer!,"Families, Kids, Nature Enthusiasts",Create unforgettable memories at the farm,Facebook,3410,295,38,8.65,192.0
2024-06-25,Pick Your Own Strawberries This Summer!,"Families, Kids, Nature Enthusiasts",Create unforgettable memories at the farm,Instagram,4052,367,72,9.06,127.84
2024-06-25,Pick Your Own Strawberries This Summer!,"Families, Kids, Nature Enthusiasts",Create unforgettable memories at the farm,Google Ads,1917,97,12,5.06,195.65
2024-06-25,Pick Your Own Strawberries This Summer!,"Families, Kids, Nature Enthusiasts",Create unforgettable memories at the farm,Email Campaign,2704,154,1,5.7,85.14
2024-06-25,Pick Your Own Strawberries This Summer!,"Families, Kids, Nature Enthusiasts",Create unforgettable memories at the farm,Twitter,4449,350,68,7.87,99.89
2024-06-26,Pick Your Own Strawberries This Summer!,"Families, Kids, Nature Enthusiasts",Create unforgettable memories at the farm,Facebook,4664,115,8,2.47,23.3
2024-06-26,Pick Your Own Strawberries This Summer!,"Families, Kids, Nature Enthusiasts",Create unforgettable memories at the farm,Instagram,2078,91,13,4.38,173.01
2024-06-26,Pick Your Own Strawberries This Summer!,"Families, Kids, Nature Enthusiasts",Create unforgettable memories at the farm,Google Ads,3641,118,19,3.24,70.67
2024-06-26,Pick Your Own Strawberries This Summer!,"Families, Kids, Nature Enthusiasts",Create unforgettable memories at the farm,Email Campaign,1609,89,8,5.53,159.55
2024-06-26,Pick Your Own Strawberries This Summer!,"Families, Kids, Nature Enthusiasts",Create unforgettable memories at the farm,Twitter,4093,166,33,4.06,64.95
2024-06-27,Pick Your Own Strawberries This Summer!,"Families, Kids, Nature Enthusiasts",Create unforgettable memories at the farm,Facebook,3464,338,54,9.76,137.88
2024-06-27,Pick Your Own Strawberries This Summer!,"Families, Kids, Nature Enthusiasts",Create unforgettable memories at the farm,Instagram,2119,150,29,7.08,96.37
2024-06-27,Pick Your Own Strawberries This Summer!,"Families, Kids, Nature Enthusiasts",Create unforgettable memories at the farm,Google Ads,3440,230,18,6.69,34.62
2024-06-27,Pick Your Own Strawberries This Summer!,"Families, Kids, Nature Enthusiasts",Create unforgettable memories at the farm,Email Campaign,3290,142,4,4.32,148.31
2024-06-27,Pick Your Own Strawberries This Summer!,"Families, Kids, Nature Enthusiasts",Create unforgettable memories at the farm,Twitter,2438,228,35,9.35,154.69
2024-06-28,Pick Your Own Strawberries This Summer!,"Families, Kids, Nature Enthusiasts",Create unforgettable memories at the farm,Facebook,2470,60,8,2.43,173.16
2024-06-28,Pick Your Own Strawberries This Summer!,"Families, Kids, Nature Enthusiasts",Create unforgettable memories at the farm,Instagram,2147,171,12,7.96,60.1
2024-06-28,Pick Your Own Strawberries This Summer!,"Families, Kids, Nature Enthusiasts",Create unforgettable memories at the farm,Google Ads,3631,244,28,6.72,172.43
2024-06-28,Pick Your Own Strawberries This Summer!,"Families, Kids, Nature Enthusiasts",Create unforgettable memories at the farm,Email Campaign,2893,107,9,3.7,133.39
2024-06-28,Pick Your Own Strawberries This Summer!,"Families, Kids, Nature Enthusiasts",Create unforgettable memories at the farm,Twitter,4410,436,19,9.89,75.68
2024-06-29,Pick Your Own Strawberries This Summer!,"Families, Kids, Nature Enthusiasts",Create unforgettable memories at the farm,Facebook,870,63,9,7.24,136.77
2024-06-29,Pick Your Own Strawberries This Summer!,"Families, Kids, Nature Enthusiasts",Create unforgettable memories at the farm,Instagram,4794,384,63,8.01,184.53
2024-06-29,Pick Your Own Strawberries This Summer!,"Families, Kids, Nature Enthusiasts",Create unforgettable memories at the farm,Google Ads,736,69,5,9.38,32.85
2024-06-29,Pick Your Own Strawberries This Summer!,"Families, Kids, Nature Enthusiasts",Create unforgettable memories at the farm,Email Campaign,4417,233,17,5.28,185.19
2024-06-29,Pick Your Own Strawberries This Summer!,"Families, Kids, Nature Enthusiasts",Create unforgettable memories at the farm,Twitter,2737,50,9,1.83,139.17
2024-06-30,Pick Your Own Strawberries This Summer!,"Families, Kids, Nature Enthusiasts",Create unforgettable memories at the farm,Facebook,2808,267,38,9.51,33.37
2024-06-30,Pick Your Own Strawberries This Summer!,"Families, Kids, Nature Enthusiasts",Create unforgettable memories at the farm,Instagram,3150,226,26,7.17,125.23
2024-06-30,Pick Your Own Strawberries This Summer!,"Families, Kids, Nature Enthusiasts",Create unforgettable memories at the farm,Google Ads,925,53,1,5.73,175.45
2024-06-30,Pick Your Own Strawberries This Summer!,"Families, Kids, Nature Enthusiasts",Create unforgettable memories at the farm,Email Campaign,2315,212,4,9.16,56.68
2024-06-30,Pick Your Own Strawberries This Summer!,"Families, Kids, Nature Enthusiasts",Create unforgettable memories at the farm,Twitter,3889,71,11,1.83,149.14
2024-06-01,Get Ready for Strawberry Season!,"Home Cooks, Fruit Lovers",Encourage fresh strawberry purchases,Facebook,4037,328,3,8.12,68.89
2024-06-01,Get Ready for Strawberry Season!,"Home Cooks, Fruit Lovers",Encourage fresh strawberry purchases,Instagram,924,63,9,6.82,43.62
2024-06-01,Get Ready for Strawberry Season!,"Home Cooks, Fruit Lovers",Encourage fresh strawberry purchases,Google Ads,2156,160,8,7.42,160.27
2024-06-01,Get Ready for Strawberry Season!,"Home Cooks, Fruit Lovers",Encourage fresh strawberry purchases,Email Campaign,2151,124,22,5.76,58.82
2024-06-01,Get Ready for Strawberry Season!,"Home Cooks, Fruit Lovers",Encourage fresh strawberry purchases,Twitter,4259,391,42,9.18,77.96
2024-06-02,Get Ready for Strawberry Season!,"Home Cooks, Fruit Lovers",Encourage fresh strawberry purchases,Facebook,2725,235,34,8.62,196.82
2024-06-02,Get Ready for Strawberry Season!,"Home Cooks, Fruit Lovers",Encourage fresh strawberry purchases,Instagram,1578,57,5,3.61,138.33
2024-06-02,Get Ready for Strawberry Season!,"Home Cooks, Fruit Lovers",Encourage fresh strawberry purchases,Google Ads,2713,129,6,4.75,65.85
2024-06-02,Get Ready for Strawberry Season!,"Home Cooks, Fruit Lovers",Encourage fresh strawberry purchases,Email Campaign,3232,224,33,6.93,174.07
2024-06-02,Get Ready for Strawberry Season!,"Home Cooks, Fruit Lovers",Encourage fresh strawberry purchases,Twitter,968,87,9,8.99,130.19
2024-06-03,Get Ready for Strawberry Season!,"Home Cooks, Fruit Lovers",Encourage fresh strawberry purchases,Facebook,753,52,10,6.91,84.91
2024-06-03,Get Ready for Strawberry Season!,"Home Cooks, Fruit Lovers",Encourage fresh strawberry purchases,Instagram,4097,328,56,8.01,96.0
2024-06-03,Get Ready for Strawberry Season!,"Home Cooks, Fruit Lovers",Encourage fresh strawberry purchases,Google Ads,1154,52,5,4.51,141.47
2024-06-03,Get Ready for Strawberry Season!,"Home Cooks, Fruit Lovers",Encourage fresh strawberry purchases,Email Campaign,2567,119,21,4.64,124.86
2024-06-03,Get Ready for Strawberry Season!,"Home Cooks, Fruit Lovers",Encourage fresh strawberry purchases,Twitter,681,67,4,9.84,197.61
2024-06-04,Get Ready for Strawberry Season!,"Home Cooks, Fruit Lovers",Encourage fresh strawberry purchases,Facebook,4369,409,76,9.36,43.71
2024-06-04,Get Ready for Strawberry Season!,"Home Cooks, Fruit Lovers",Encourage fresh strawberry purchases,Instagram,3272,236,5,7.21,151.5
2024-06-04,Get Ready for Strawberry Season!,"Home Cooks, Fruit Lovers",Encourage fresh strawberry purchases,Google Ads,3616,342,53,9.46,73.44
2024-06-04,Get Ready for Strawberry Season!,"Home Cooks, Fruit Lovers",Encourage fresh strawberry purchases,Email Campaign,3786,148,11,3.91,165.34
2024-06-04,Get Ready for Strawberry Season!,"Home Cooks, Fruit Lovers",Encourage fresh strawberry purchases,Twitter,2505,52,3,2.08,37.4
2024-06-05,Get Ready for Strawberry Season!,"Home Cooks, Fruit Lovers",Encourage fresh strawberry purchases,Facebook,4107,157,18,3.82,113.81
2024-06-05,Get Ready for Strawberry Season!,"Home Cooks, Fruit Lovers",Encourage fresh strawberry purchases,Instagram,2673,218,30,8.16,101.5
2024-06-05,Get Ready for Strawberry Season!,"Home Cooks, Fruit Lovers",Encourage fresh strawberry purchases,Google Ads,2246,128,1,5.7,56.6
2024-06-05,Get Ready for Strawberry Season!,"Home Cooks, Fruit Lovers",Encourage fresh strawberry purchases,Email Campaign,1397,120,10,8.59,70.57
2024-06-05,Get Ready for Strawberry Season!,"Home Cooks, Fruit Lovers",Encourage fresh strawberry purchases,Twitter,2474,62,9,2.51,106.35
2024-06-06,Get Ready for Strawberry Season!,"Home Cooks, Fruit Lovers",Encourage fresh strawberry purchases,Facebook,2660,221,19,8.31,185.77
2024-06-06,Get Ready for Strawberry Season!,"Home Cooks, Fruit Lovers",Encourage fresh strawberry purchases,Instagram,3860,279,28,7.23,160.76
2024-06-06,Get Ready for Strawberry Season!,"Home Cooks, Fruit Lovers",Encourage fresh strawberry purchases,Google Ads,2285,165,9,7.22,52.96
2024-06-06,Get Ready for Strawberry Season!,"Home Cooks, Fruit Lovers",Encourage fresh strawberry purchases,Email Campaign,2928,219,39,7.48,175.7
2024-06-06,Get Ready for Strawberry Season!,"Home Cooks, Fruit Lovers",Encourage fresh strawberry purchases,Twitter,655,58,9,8.85,177.46
2024-06-07,Get Ready for Strawberry Season!,"Home Cooks, Fruit Lovers",Encourage fresh strawberry purchases,Facebook,4111,57,3,1.39,123.54
2024-06-07,Get Ready for Strawberry Season!,"Home Cooks, Fruit Lovers",Encourage fresh strawberry purchases,Instagram,1928,62,9,3.22,46.12
2024-06-07,Get Ready for Strawberry Season!,"Home Cooks, Fruit Lovers",Encourage fresh strawberry purchases,Google Ads,2430,142,25,5.84,94.7
2024-06-07,Get Ready for Strawberry Season!,"Home Cooks, Fruit Lovers",Encourage fresh strawberry purchases,Email Campaign,1532,79,15,5.16,100.47
2024-06-07,Get Ready for Strawberry Season!,"Home Cooks, Fruit Lovers",Encourage fresh strawberry purchases,Twitter,3505,322,9,9.19,168.29
2024-06-08,Get Ready for Strawberry Season!,"Home Cooks, Fruit Lovers",Encourage fresh strawberry purchases,Facebook,4064,77,5,1.89,136.99
2024-06-08,Get Ready for Strawberry Season!,"Home Cooks, Fruit Lovers",Encourage fresh strawberry purchases,Instagram,2978,133,21,4.47,43.43
2024-06-08,Get Ready for Strawberry Season!,"Home Cooks, Fruit Lovers",Encourage fresh strawberry purchases,Google Ads,2771,185,28,6.68,178.69
2024-06-08,Get Ready for Strawberry Season!,"Home Cooks, Fruit Lovers",Encourage fresh strawberry purchases,Email Campaign,1919,172,18,8.96,103.88
2024-06-08,Get Ready for Strawberry Season!,"Home Cooks, Fruit Lovers",Encourage fresh strawberry purchases,Twitter,3942,149,10,3.78,134.21
2024-06-09,Get Ready for Strawberry Season!,"Home Cooks, Fruit Lovers",Encourage fresh strawberry purchases,Facebook,4407,206,13,4.67,170.33
2024-06-09,Get Ready for Strawberry Season!,"Home Cooks, Fruit Lovers",Encourage fresh strawberry purchases,Instagram,1042,66,2,6.33,61.59
2024-06-09,Get Ready for Strawberry Season!,"Home Cooks, Fruit Lovers",Encourage fresh strawberry purchases,Google Ads,4121,132,4,3.2,143.81
2024-06-09,Get Ready for Strawberry Season!,"Home Cooks, Fruit Lovers",Encourage fresh strawberry purchases,Email Campaign,1992,129,8,6.48,84.49
2024-06-09,Get Ready for Strawberry Season!,"Home Cooks, Fruit Lovers",Encourage fresh strawberry purchases,Twitter,4386,388,49,8.85,155.99
2024-06-10,Get Ready for Strawberry Season!,"Home Cooks, Fruit Lovers",Encourage fresh strawberry purchases,Facebook,1457,104,6,7.14,114.88
2024-06-10,Get Ready for Strawberry Season!,"Home Cooks, Fruit Lovers",Encourage fresh strawberry purchases,Instagram,675,62,1,9.19,84.67
2024-06-10,Get Ready for Strawberry Season!,"Home Cooks, Fruit Lovers",Encourage fresh strawberry purchases,Google Ads,2131,178,10,8.35,35.02
2024-06-10,Get Ready for Strawberry Season!,"Home Cooks, Fruit Lovers",Encourage fresh strawberry purchases,Email Campaign,1165,82,10,7.04,88.13
2024-06-10,Get Ready for Strawberry Season!,"Home Cooks, Fruit Lovers",Encourage fresh strawberry purchases,Twitter,3550,142,25,4.0,97.79
2024-06-11,Get Ready for Strawberry Season!,"Home Cooks, Fruit Lovers",Encourage fresh strawberry purchases,Facebook,2017,59,5,2.93,173.23
2024-06-11,Get Ready for Strawberry Season!,"Home Cooks, Fruit Lovers",Encourage fresh strawberry purchases,Instagram,3279,114,13,3.48,78.39
2024-06-11,Get Ready for Strawberry Season!,"Home Cooks, Fruit Lovers",Encourage fresh strawberry purchases,Google Ads,2599,142,9,5.46,71.61
2024-06-11,Get Ready for Strawberry Season!,"Home Cooks, Fruit Lovers",Encourage fresh strawberry purchases,Email Campaign,2083,104,15,4.99,155.35
2024-06-11,Get Ready for Strawberry Season!,"Home Cooks, Fruit Lovers",Encourage fresh strawberry purchases,Twitter,4668,329,37,7.05,24.93
2024-06-12,Get Ready for Strawberry Season!,"Home Cooks, Fruit Lovers",Encourage fresh strawberry purchases,Facebook,3964,385,4,9.71,35.77
2024-06-12,Get Ready for Strawberry Season!,"Home Cooks, Fruit Lovers",Encourage fresh strawberry purchases,Instagram,3405,90,9,2.64,39.02
2024-06-12,Get Ready for Strawberry Season!,"Home Cooks, Fruit Lovers",Encourage fresh strawberry purchases,Google Ads,2855,202,4,7.08,158.73
2024-06-12,Get Ready for Strawberry Season!,"Home Cooks, Fruit Lovers",Encourage fresh strawberry purchases,Email Campaign,873,51,5,5.84,92.84
2024-06-12,Get Ready for Strawberry Season!,"Home Cooks, Fruit Lovers",Encourage fresh strawberry purchases,Twitter,4997,281,16,5.62,104.66
2024-06-13,Get Ready for Strawberry Season!,"Home Cooks, Fruit Lovers",Encourage fresh strawberry purchases,Facebook,2105,119,9,5.65,99.98
2024-06-13,Get Ready for Strawberry Season!,"Home Cooks, Fruit Lovers",Encourage fresh strawberry purchases,Instagram,3005,258,40,8.59,186.48
2024-06-13,Get Ready for Strawberry Season!,"Home Cooks, Fruit Lovers",Encourage fresh strawberry purchases,Google Ads,4038,147,16,3.64,128.12
2024-06-13,Get Ready for Strawberry Season!,"Home Cooks, Fruit Lovers",Encourage fresh strawberry purchases,Email Campaign,2711,104,20,3.84,59.62
2024-06-13,Get Ready for Strawberry Season!,"Home Cooks, Fruit Lovers",Encourage fresh strawberry purchases,Twitter,2867,74,3,2.58,47.12
2024-06-14,Get Ready for Strawberry Season!,"Home Cooks, Fruit Lovers",Encourage fresh strawberry purchases,Facebook,2970,270,53,9.09,107.63
2024-06-14,Get Ready for Strawberry Season!,"Home Cooks, Fruit Lovers",Encourage fresh strawberry purchases,Instagram,1086,73,8,6.72,177.07
2024-06-14,Get Ready for Strawberry Season!,"Home Cooks, Fruit Lovers",Encourage fresh strawberry purchases,Google Ads,2436,232,32,9.52,168.97
2024-06-14,Get Ready for Strawberry Season!,"Home Cooks, Fruit Lovers",Encourage fresh strawberry purchases,Email Campaign,4915,81,12,1.65,64.54
2024-06-14,Get Ready for Strawberry Season!,"Home Cooks, Fruit Lovers",Encourage fresh strawberry purchases,Twitter,1571,52,9,3.31,156.89
2024-06-15,Get Ready for Strawberry Season!,"Home Cooks, Fruit Lovers",Encourage fresh strawberry purchases,Facebook,773,66,3,8.54,39.6
2024-06-15,Get Ready for Strawberry Season!,"Home Cooks, Fruit Lovers",Encourage fresh strawberry purchases,Instagram,3058,292,12,9.55,95.84
2024-06-15,Get Ready for Strawberry Season!,"Home Cooks, Fruit Lovers",Encourage fresh strawberry purchases,Google Ads,2862,176,16,6.15,105.35
2024-06-15,Get Ready for Strawberry Season!,"Home Cooks, Fruit Lovers",Encourage fresh strawberry purchases,Email Campaign,2213,151,6,6.82,46.05
2024-06-15,Get Ready for Strawberry Season!,"Home Cooks, Fruit Lovers",Encourage fresh strawberry purchases,Twitter,4264,174,26,4.08,21.81
2024-06-16,Get Ready for Strawberry Season!,"Home Cooks, Fruit Lovers",Encourage fresh strawberry purchases,Facebook,1659,117,1,7.05,188.5
2024-06-16,Get Ready for Strawberry Season!,"Home Cooks, Fruit Lovers",Encourage fresh strawberry purchases,Instagram,1352,70,8,5.18,138.99
2024-06-16,Get Ready for Strawberry Season!,"Home Cooks, Fruit Lovers",Encourage fresh strawberry purchases,Google Ads,4724,333,39,7.05,56.83
2024-06-16,Get Ready for Strawberry Season!,"Home Cooks, Fruit Lovers",Encourage fresh strawberry purchases,Email Campaign,1349,61,2,4.52,91.99
2024-06-16,Get Ready for Strawberry Season!,"Home Cooks, Fruit Lovers",Encourage fresh strawberry purchases,Twitter,2079,102,19,4.91,183.23
2024-06-17,Get Ready for Strawberry Season!,"Home Cooks, Fruit Lovers",Encourage fresh strawberry purchases,Facebook,1021,50,8,4.9,179.27
2024-06-17,Get Ready for Strawberry Season!,"Home Cooks, Fruit Lovers",Encourage fresh strawberry purchases,Instagram,2942,107,21,3.64,170.82
2024-06-17,Get Ready for Strawberry Season!,"Home Cooks, Fruit Lovers",Encourage fresh strawberry purchases,Google Ads,2268,190,26,8.38,87.66
2024-06-17,Get Ready for Strawberry Season!,"Home Cooks, Fruit Lovers",Encourage fresh strawberry purchases,Email Campaign,4302,232,29,5.39,30.25
2024-06-17,Get Ready for Strawberry Season!,"Home Cooks, Fruit Lovers",Encourage fresh strawberry purchases,Twitter,2910,187,23,6.43,115.51
2024-06-18,Get Ready for Strawberry Season!,"Home Cooks, Fruit Lovers",Encourage fresh strawberry purchases,Facebook,2633,254,5,9.65,108.85
2024-06-18,Get Ready for Strawberry Season!,"Home Cooks, Fruit Lovers",Encourage fresh strawberry purchases,Instagram,4888,116,16,2.37,35.03
2024-06-18,Get Ready for Strawberry Season!,"Home Cooks, Fruit Lovers",Encourage fresh strawberry purchases,Google Ads,1117,95,10,8.5,164.58
2024-06-18,Get Ready for Strawberry Season!,"Home Cooks, Fruit Lovers",Encourage fresh strawberry purchases,Email Campaign,4977,205,30,4.12,64.83
2024-06-18,Get Ready for Strawberry Season!,"Home Cooks, Fruit Lovers",Encourage fresh strawberry purchases,Twitter,3394,75,13,2.21,127.23
2024-06-19,Get Ready for Strawberry Season!,"Home Cooks, Fruit Lovers",Encourage fresh strawberry purchases,Facebook,2630,98,17,3.73,139.94
2024-06-19,Get Ready for Strawberry Season!,"Home Cooks, Fruit Lovers",Encourage fresh strawberry purchases,Instagram,3678,81,14,2.2,69.84
2024-06-19,Get Ready for Strawberry Season!,"Home Cooks, Fruit Lovers",Encourage fresh strawberry purchases,Google Ads,3643,193,2,5.3,83.53
2024-06-19,Get Ready for Strawberry Season!,"Home Cooks, Fruit Lovers",Encourage fresh strawberry purchases,Email Campaign,4804,310,26,6.45,49.61
2024-06-19,Get Ready for Strawberry Season!,"Home Cooks, Fruit Lovers",Encourage fresh strawberry purchases,Twitter,1694,68,12,4.01,61.88
2024-06-20,Get Ready for Strawberry Season!,"Home Cooks, Fruit Lovers",Encourage fresh strawberry purchases,Facebook,2604,73,12,2.8,101.19
2024-06-20,Get Ready for Strawberry Season!,"Home Cooks, Fruit Lovers",Encourage fresh strawberry purchases,Instagram,3986,187,3,4.69,190.12
2024-06-20,Get Ready for Strawberry Season!,"Home Cooks, Fruit Lovers",Encourage fresh strawberry purchases,Google Ads,1759,56,8,3.18,22.19
2024-06-20,Get Ready for Strawberry Season!,"Home Cooks, Fruit Lovers",Encourage fresh strawberry purchases,Email Campaign,3366,309,31,9.18,100.78
2024-06-20,Get Ready for Strawberry Season!,"Home Cooks, Fruit Lovers",Encourage fresh strawberry purchases,Twitter,1595,75,4,4.7,59.57
2024-06-21,Get Ready for Strawberry Season!,"Home Cooks, Fruit Lovers",Encourage fresh strawberry purchases,Facebook,3591,235,30,6.54,72.12
2024-06-21,Get Ready for Strawberry Season!,"Home Cooks, Fruit Lovers",Encourage fresh strawberry purchases,Instagram,1559,150,30,9.62,124.56
2024-06-21,Get Ready for Strawberry Season!,"Home Cooks, Fruit Lovers",Encourage fresh strawberry purchases,Google Ads,3552,204,25,5.74,27.39
2024-06-21,Get Ready for Strawberry Season!,"Home Cooks, Fruit Lovers",Encourage fresh strawberry purchases,Email Campaign,534,53,4,9.93,30.28
2024-06-21,Get Ready for Strawberry Season!,"Home Cooks, Fruit Lovers",Encourage fresh strawberry purchases,Twitter,1880,158,16,8.4,179.64
2024-06-22,Get Ready for Strawberry Season!,"Home Cooks, Fruit Lovers",Encourage fresh strawberry purchases,Facebook,2279,179,13,7.85,99.76
2024-06-22,Get Ready for Strawberry Season!,"Home Cooks, Fruit Lovers",Encourage fresh strawberry purchases,Instagram,4158,160,10,3.85,85.08
2024-06-22,Get Ready for Strawberry Season!,"Home Cooks, Fruit Lovers",Encourage fresh strawberry purchases,Google Ads,2979,288,27,9.67,186.54
2024-06-22,Get Ready for Strawberry Season!,"Home Cooks, Fruit Lovers",Encourage fresh strawberry purchases,Email Campaign,2000,191,7,9.55,180.06
2024-06-22,Get Ready for Strawberry Season!,"Home Cooks, Fruit Lovers",Encourage fresh strawberry purchases,Twitter,2077,124,9,5.97,133.26
2024-06-23,Get Ready for Strawberry Season!,"Home Cooks, Fruit Lovers",Encourage fresh strawberry purchases,Facebook,3951,330,4,8.35,78.98
2024-06-23,Get Ready for Strawberry Season!,"Home Cooks, Fruit Lovers",Encourage fresh strawberry purchases,Instagram,1207,54,5,4.47,129.39
2024-06-23,Get Ready for Strawberry Season!,"Home Cooks, Fruit Lovers",Encourage fresh strawberry purchases,Google Ads,1686,60,1,3.56,71.3
2024-06-23,Get Ready for Strawberry Season!,"Home Cooks, Fruit Lovers",Encourage fresh strawberry purchases,Email Campaign,2861,95,4,3.32,167.33
2024-06-23,Get Ready for Strawberry Season!,"Home Cooks, Fruit Lovers",Encourage fresh strawberry purchases,Twitter,3725,86,12,2.31,92.02
2024-06-24,Get Ready for Strawberry Season!,"Home Cooks, Fruit Lovers",Encourage fresh strawberry purchases,Facebook,872,75,2,8.6,108.02
2024-06-24,Get Ready for Strawberry Season!,"Home Cooks, Fruit Lovers",Encourage fresh strawberry purchases,Instagram,3107,127,13,4.09,108.85
2024-06-24,Get Ready for Strawberry Season!,"Home Cooks, Fruit Lovers",Encourage fresh strawberry purchases,Google Ads,3220,244,27,7.58,168.8
2024-06-24,Get Ready for Strawberry Season!,"Home Cooks, Fruit Lovers",Encourage fresh strawberry purchases,Email Campaign,1891,89,16,4.71,85.14
2024-06-24,Get Ready for Strawberry Season!,"Home Cooks, Fruit Lovers",Encourage fresh strawberry purchases,Twitter,3860,226,43,5.85,152.32
2024-06-25,Get Ready for Strawberry Season!,"Home Cooks, Fruit Lovers",Encourage fresh strawberry purchases,Facebook,2761,175,13,6.34,54.15
2024-06-25,Get Ready for Strawberry Season!,"Home Cooks, Fruit Lovers",Encourage fresh strawberry purchases,Instagram,1569,151,10,9.62,56.85
2024-06-25,Get Ready for Strawberry Season!,"Home Cooks, Fruit Lovers",Encourage fresh strawberry purchases,Google Ads,2203,83,8,3.77,127.05
2024-06-25,Get Ready for Strawberry Season!,"Home Cooks, Fruit Lovers",Encourage fresh strawberry purchases,Email Campaign,559,51,9,9.12,178.41
2024-06-25,Get Ready for Strawberry Season!,"Home Cooks, Fruit Lovers",Encourage fresh strawberry purchases,Twitter,1058,60,6,5.67,157.9
2024-06-26,Get Ready for Strawberry Season!,"Home Cooks, Fruit Lovers",Encourage fresh strawberry purchases,Facebook,1048,60,10,5.73,79.37
2024-06-26,Get Ready for Strawberry Season!,"Home Cooks, Fruit Lovers",Encourage fresh strawberry purchases,Instagram,4643,154,1,3.32,23.45
2024-06-26,Get Ready for Strawberry Season!,"Home Cooks, Fruit Lovers",Encourage fresh strawberry purchases,Google Ads,4383,397,37,9.06,157.79
2024-06-26,Get Ready for Strawberry Season!,"Home Cooks, Fruit Lovers",Encourage fresh strawberry purchases,Email Campaign,2594,56,10,2.16,137.4
2024-06-26,Get Ready for Strawberry Season!,"Home Cooks, Fruit Lovers",Encourage fresh strawberry purchases,Twitter,3061,245,35,8.0,32.06
2024-06-27,Get Ready for Strawberry Season!,"Home Cooks, Fruit Lovers",Encourage fresh strawberry purchases,Facebook,812,60,4,7.39,191.07
2024-06-27,Get Ready for Strawberry Season!,"Home Cooks, Fruit Lovers",Encourage fresh strawberry purchases,Instagram,4596,405,44,8.81,24.23
2024-06-27,Get Ready for Strawberry Season!,"Home Cooks, Fruit Lovers",Encourage fresh strawberry purchases,Google Ads,761,56,9,7.36,142.06
2024-06-27,Get Ready for Strawberry Season!,"Home Cooks, Fruit Lovers",Encourage fresh strawberry purchases,Email Campaign,2035,51,3,2.51,53.93
2024-06-27,Get Ready for Strawberry Season!,"Home Cooks, Fruit Lovers",Encourage fresh strawberry purchases,Twitter,3089,100,7,3.24,176.36
2024-06-28,Get Ready for Strawberry Season!,"Home Cooks, Fruit Lovers",Encourage fresh strawberry purchases,Facebook,3642,364,20,9.99,85.32
2024-06-28,Get Ready for Strawberry Season!,"Home Cooks, Fruit Lovers",Encourage fresh strawberry purchases,Instagram,707,60,5,8.49,166.94
2024-06-28,Get Ready for Strawberry Season!,"Home Cooks, Fruit Lovers",Encourage fresh strawberry purchases,Google Ads,2586,54,6,2.09,74.97
2024-06-28,Get Ready for Strawberry Season!,"Home Cooks, Fruit Lovers",Encourage fresh strawberry purchases,Email Campaign,3658,259,44,7.08,76.83
2024-06-28,Get Ready for Strawberry Season!,"Home Cooks, Fruit Lovers",Encourage fresh strawberry purchases,Twitter,1720,70,1,4.07,32.49
2024-06-29,Get Ready for Strawberry Season!,"Home Cooks, Fruit Lovers",Encourage fresh strawberry purchases,Facebook,3116,127,12,4.08,197.71
2024-06-29,Get Ready for Strawberry Season!,"Home Cooks, Fruit Lovers",Encourage fresh strawberry purchases,Instagram,1339,128,9,9.56,72.6
2024-06-29,Get Ready for Strawberry Season!,"Home Cooks, Fruit Lovers",Encourage fresh strawberry purchases,Google Ads,3169,73,10,2.3,54.38
2024-06-29,Get Ready for Strawberry Season!,"Home Cooks, Fruit Lovers",Encourage fresh strawberry purchases,Email Campaign,1119,87,10,7.77,196.93
2024-06-29,Get Ready for Strawberry Season!,"Home Cooks, Fruit Lovers",Encourage fresh strawberry purchases,Twitter,4113,335,41,8.14,123.85
2024-06-30,Get Ready for Strawberry Season!,"Home Cooks, Fruit Lovers",Encourage fresh strawberry purchases,Facebook,3108,280,42,9.01,52.28
2024-06-30,Get Ready for Strawberry Season!,"Home Cooks, Fruit Lovers",Encourage fresh strawberry purchases,Instagram,3021,226,7,7.48,155.84
2024-06-30,Get Ready for Strawberry Season!,"Home Cooks, Fruit Lovers",Encourage fresh strawberry purchases,Google Ads,3960,266,43,6.72,111.97
2024-06-30,Get Ready for Strawberry Season!,"Home Cooks, Fruit Lovers",Encourage fresh strawberry purchases,Email Campaign,4525,361,21,7.98,64.41
2024-06-30,Get Ready for Strawberry Season!,"Home Cooks, Fruit Lovers",Encourage fresh strawberry purchases,Twitter,3958,234,8,5.91,165.2
2024-06-01,Strawberry Picking Fun for All Ages!,Multi-generational Families,Make strawberry picking a family tradition,Facebook,1911,80,10,4.19,151.74
2024-06-01,Strawberry Picking Fun for All Ages!,Multi-generational Families,Make strawberry picking a family tradition,Instagram,4660,302,57,6.48,168.5
2024-06-01,Strawberry Picking Fun for All Ages!,Multi-generational Families,Make strawberry picking a family tradition,Google Ads,1256,85,11,6.77,24.12
2024-06-01,Strawberry Picking Fun for All Ages!,Multi-generational Families,Make strawberry picking a family tradition,Email Campaign,1323,87,12,6.58,108.1
2024-06-01,Strawberry Picking Fun for All Ages!,Multi-generational Families,Make strawberry picking a family tradition,Twitter,1118,63,8,5.64,102.47
2024-06-02,Strawberry Picking Fun for All Ages!,Multi-generational Families,Make strawberry picking a family tradition,Facebook,2920,250,30,8.56,163.28
2024-06-02,Strawberry Picking Fun for All Ages!,Multi-generational Families,Make strawberry picking a family tradition,Instagram,4005,278,55,6.94,101.29
2024-06-02,Strawberry Picking Fun for All Ages!,Multi-generational Families,Make strawberry picking a family tradition,Google Ads,1379,103,1,7.47,70.27
2024-06-02,Strawberry Picking Fun for All Ages!,Multi-generational Families,Make strawberry picking a family tradition,Email Campaign,3068,111,10,3.62,118.13
2024-06-02,Strawberry Picking Fun for All Ages!,Multi-generational Families,Make strawberry picking a family tradition,Twitter,2905,223,26,7.68,60.84
2024-06-03,Strawberry Picking Fun for All Ages!,Multi-generational Families,Make strawberry picking a family tradition,Facebook,827,69,13,8.34,152.35
2024-06-03,Strawberry Picking Fun for All Ages!,Multi-generational Families,Make strawberry picking a family tradition,Instagram,1556,73,13,4.69,178.04
2024-06-03,Strawberry Picking Fun for All Ages!,Multi-generational Families,Make strawberry picking a family tradition,Google Ads,1866,164,21,8.79,177.64
2024-06-03,Strawberry Picking Fun for All Ages!,Multi-generational Families,Make strawberry picking a family tradition,Email Campaign,3034,197,18,6.49,142.66
2024-06-03,Strawberry Picking Fun for All Ages!,Multi-generational Families,Make strawberry picking a family tradition,Twitter,2108,122,1,5.79,141.14
2024-06-04,Strawberry Picking Fun for All Ages!,Multi-generational Families,Make strawberry picking a family tradition,Facebook,1462,118,22,8.07,113.87
2024-06-04,Strawberry Picking Fun for All Ages!,Multi-generational Families,Make strawberry picking a family tradition,Instagram,3302,81,5,2.45,144.11
2024-06-04,Strawberry Picking Fun for All Ages!,Multi-generational Families,Make strawberry picking a family tradition,Google Ads,3482,231,22,6.63,74.05
2024-06-04,Strawberry Picking Fun for All Ages!,Multi-generational Families,Make strawberry picking a family tradition,Email Campaign,1820,114,17,6.26,132.32
2024-06-04,Strawberry Picking Fun for All Ages!,Multi-generational Families,Make strawberry picking a family tradition,Twitter,1839,50,5,2.72,55.6
2024-06-05,Strawberry Picking Fun for All Ages!,Multi-generational Families,Make strawberry picking a family tradition,Facebook,879,60,10,6.83,41.62
2024-06-05,Strawberry Picking Fun for All Ages!,Multi-generational Families,Make strawberry picking a family tradition,Instagram,3958,57,11,1.44,149.13
2024-06-05,Strawberry Picking Fun for All Ages!,Multi-generational Families,Make strawberry picking a family tradition,Google Ads,3086,237,10,7.68,187.06
2024-06-05,Strawberry Picking Fun for All Ages!,Multi-generational Families,Make strawberry picking a family tradition,Email Campaign,4059,72,8,1.77,154.83
2024-06-05,Strawberry Picking Fun for All Ages!,Multi-generational Families,Make strawberry picking a family tradition,Twitter,2805,122,2,4.35,192.51
2024-06-06,Strawberry Picking Fun for All Ages!,Multi-generational Families,Make strawberry picking a family tradition,Facebook,2076,158,9,7.61,101.01
2024-06-06,Strawberry Picking Fun for All Ages!,Multi-generational Families,Make strawberry picking a family tradition,Instagram,4302,258,29,6.0,43.11
2024-06-06,Strawberry Picking Fun for All Ages!,Multi-generational Families,Make strawberry picking a family tradition,Google Ads,1548,114,3,7.36,110.95
2024-06-06,Strawberry Picking Fun for All Ages!,Multi-generational Families,Make strawberry picking a family tradition,Email Campaign,2555,164,2,6.42,150.14
2024-06-06,Strawberry Picking Fun for All Ages!,Multi-generational Families,Make strawberry picking a family tradition,Twitter,1252,89,4,7.11,48.88
2024-06-07,Strawberry Picking Fun for All Ages!,Multi-generational Families,Make strawberry picking a family tradition,Facebook,3715,311,11,8.37,43.85
2024-06-07,Strawberry Picking Fun for All Ages!,Multi-generational Families,Make strawberry picking a family tradition,Instagram,1038,52,5,5.01,28.7
2024-06-07,Strawberry Picking Fun for All Ages!,Multi-generational Families,Make strawberry picking a family tradition,Google Ads,809,78,9,9.64,188.74
2024-06-07,Strawberry Picking Fun for All Ages!,Multi-generational Families,Make strawberry picking a family tradition,Email Campaign,3347,289,38,8.63,161.86
2024-06-07,Strawberry Picking Fun for All Ages!,Multi-generational Families,Make strawberry picking a family tradition,Twitter,3167,169,3,5.34,22.23
2024-06-08,Strawberry Picking Fun for All Ages!,Multi-generational Families,Make strawberry picking a family tradition,Facebook,2159,64,4,2.96,88.58
2024-06-08,Strawberry Picking Fun for All Ages!,Multi-generational Families,Make strawberry picking a family tradition,Instagram,3901,239,2,6.13,168.82
2024-06-08,Strawberry Picking Fun for All Ages!,Multi-generational Families,Make strawberry picking a family tradition,Google Ads,3554,344,41,9.68,95.98
2024-06-08,Strawberry Picking Fun for All Ages!,Multi-generational Families,Make strawberry picking a family tradition,Email Campaign,4332,262,52,6.05,56.53
2024-06-08,Strawberry Picking Fun for All Ages!,Multi-generational Families,Make strawberry picking a family tradition,Twitter,2088,98,7,4.69,131.06
2024-06-09,Strawberry Picking Fun for All Ages!,Multi-generational Families,Make strawberry picking a family tradition,Facebook,3784,126,25,3.33,94.98
2024-06-09,Strawberry Picking Fun for All Ages!,Multi-generational Families,Make strawberry picking a family tradition,Instagram,878,74,4,8.43,100.94
2024-06-09,Strawberry Picking Fun for All Ages!,Multi-generational Families,Make strawberry picking a family tradition,Google Ads,1420,63,5,4.44,197.36
2024-06-09,Strawberry Picking Fun for All Ages!,Multi-generational Families,Make strawberry picking a family tradition,Email Campaign,1237,73,12,5.9,181.31
2024-06-09,Strawberry Picking Fun for All Ages!,Multi-generational Families,Make strawberry picking a family tradition,Twitter,545,54,8,9.91,46.03
2024-06-10,Strawberry Picking Fun for All Ages!,Multi-generational Families,Make strawberry picking a family tradition,Facebook,4058,379,53,9.34,119.43
2024-06-10,Strawberry Picking Fun for All Ages!,Multi-generational Families,Make strawberry picking a family tradition,Instagram,3370,310,14,9.2,79.0
2024-06-10,Strawberry Picking Fun for All Ages!,Multi-generational Families,Make strawberry picking a family tradition,Google Ads,1449,129,8,8.9,158.94
2024-06-10,Strawberry Picking Fun for All Ages!,Multi-generational Families,Make strawberry picking a family tradition,Email Campaign,2009,88,5,4.38,121.39
2024-06-10,Strawberry Picking Fun for All Ages!,Multi-generational Families,Make strawberry picking a family tradition,Twitter,2200,196,26,8.91,142.44
2024-06-11,Strawberry Picking Fun for All Ages!,Multi-generational Families,Make strawberry picking a family tradition,Facebook,1854,153,27,8.25,140.19
2024-06-11,Strawberry Picking Fun for All Ages!,Multi-generational Families,Make strawberry picking a family tradition,Instagram,1585,122,21,7.7,133.54
2024-06-11,Strawberry Picking Fun for All Ages!,Multi-generational Families,Make strawberry picking a family tradition,Google Ads,1660,160,23,9.64,138.01
2024-06-11,Strawberry Picking Fun for All Ages!,Multi-generational Families,Make strawberry picking a family tradition,Email Campaign,512,50,4,9.77,29.17
2024-06-11,Strawberry Picking Fun for All Ages!,Multi-generational Families,Make strawberry picking a family tradition,Twitter,4758,138,6,2.9,192.29
2024-06-12,Strawberry Picking Fun for All Ages!,Multi-generational Families,Make strawberry picking a family tradition,Facebook,3399,338,13,9.94,140.79
2024-06-12,Strawberry Picking Fun for All Ages!,Multi-generational Families,Make strawberry picking a family tradition,Instagram,1977,156,25,7.89,128.1
2024-06-12,Strawberry Picking Fun for All Ages!,Multi-generational Families,Make strawberry picking a family tradition,Google Ads,1506,63,11,4.18,139.09
2024-06-12,Strawberry Picking Fun for All Ages!,Multi-generational Families,Make strawberry picking a family tradition,Email Campaign,4605,396,71,8.6,108.72
2024-06-12,Strawberry Picking Fun for All Ages!,Multi-generational Families,Make strawberry picking a family tradition,Twitter,3159,197,2,6.24,168.11
2024-06-13,Strawberry Picking Fun for All Ages!,Multi-generational Families,Make strawberry picking a family tradition,Facebook,2337,119,18,5.09,148.53
2024-06-13,Strawberry Picking Fun for All Ages!,Multi-generational Families,Make strawberry picking a family tradition,Instagram,4672,90,2,1.93,98.26
2024-06-13,Strawberry Picking Fun for All Ages!,Multi-generational Families,Make strawberry picking a family tradition,Google Ads,2589,117,5,4.52,156.91
2024-06-13,Strawberry Picking Fun for All Ages!,Multi-generational Families,Make strawberry picking a family tradition,Email Campaign,2100,54,5,2.57,21.36
2024-06-13,Strawberry Picking Fun for All Ages!,Multi-generational Families,Make strawberry picking a family tradition,Twitter,2021,164,6,8.11,180.97
2024-06-14,Strawberry Picking Fun for All Ages!,Multi-generational Families,Make strawberry picking a family tradition,Facebook,1180,61,1,5.17,48.11
2024-06-14,Strawberry Picking Fun for All Ages!,Multi-generational Families,Make strawberry picking a family tradition,Instagram,2055,66,11,3.21,83.26
2024-06-14,Strawberry Picking Fun for All Ages!,Multi-generational Families,Make strawberry picking a family tradition,Google Ads,2787,147,5,5.27,127.32
2024-06-14,Strawberry Picking Fun for All Ages!,Multi-generational Families,Make strawberry picking a family tradition,Email Campaign,1869,91,4,4.87,156.87
2024-06-14,Strawberry Picking Fun for All Ages!,Multi-generational Families,Make strawberry picking a family tradition,Twitter,1648,136,11,8.25,166.35
2024-06-15,Strawberry Picking Fun for All Ages!,Multi-generational Families,Make strawberry picking a family tradition,Facebook,4533,411,43,9.07,71.03
2024-06-15,Strawberry Picking Fun for All Ages!,Multi-generational Families,Make strawberry picking a family tradition,Instagram,627,54,9,8.61,34.56
2024-06-15,Strawberry Picking Fun for All Ages!,Multi-generational Families,Make strawberry picking a family tradition,Google Ads,2013,169,4,8.4,194.53
2024-06-15,Strawberry Picking Fun for All Ages!,Multi-generational Families,Make strawberry picking a family tradition,Email Campaign,616,59,3,9.58,106.49
2024-06-15,Strawberry Picking Fun for All Ages!,Multi-generational Families,Make strawberry picking a family tradition,Twitter,2331,169,9,7.25,149.0
2024-06-16,Strawberry Picking Fun for All Ages!,Multi-generational Families,Make strawberry picking a family tradition,Facebook,2654,188,32,7.08,158.31
2024-06-16,Strawberry Picking Fun for All Ages!,Multi-generational Families,Make strawberry picking a family tradition,Instagram,4604,302,40,6.56,29.39
2024-06-16,Strawberry Picking Fun for All Ages!,Multi-generational Families,Make strawberry picking a family tradition,Google Ads,4551,154,15,3.38,135.04
2024-06-16,Strawberry Picking Fun for All Ages!,Multi-generational Families,Make strawberry picking a family tradition,Email Campaign,2817,268,53,9.51,77.88
2024-06-16,Strawberry Picking Fun for All Ages!,Multi-generational Families,Make strawberry picking a family tradition,Twitter,4553,190,11,4.17,169.68
2024-06-17,Strawberry Picking Fun for All Ages!,Multi-generational Families,Make strawberry picking a family tradition,Facebook,2045,171,14,8.36,42.69
2024-06-17,Strawberry Picking Fun for All Ages!,Multi-generational Families,Make strawberry picking a family tradition,Instagram,550,54,8,9.82,194.11
2024-06-17,Strawberry Picking Fun for All Ages!,Multi-generational Families,Make strawberry picking a family tradition,Google Ads,2722,155,17,5.69,164.91
2024-06-17,Strawberry Picking Fun for All Ages!,Multi-generational Families,Make strawberry picking a family tradition,Email Campaign,930,87,1,9.35,60.06
2024-06-17,Strawberry Picking Fun for All Ages!,Multi-generational Families,Make strawberry picking a family tradition,Twitter,690,56,4,8.12,65.64
2024-06-18,Strawberry Picking Fun for All Ages!,Multi-generational Families,Make strawberry picking a family tradition,Facebook,4614,311,62,6.74,157.53
2024-06-18,Strawberry Picking Fun for All Ages!,Multi-generational Families,Make strawberry picking a family tradition,Instagram,4656,158,10,3.39,43.01
2024-06-18,Strawberry Picking Fun for All Ages!,Multi-generational Families,Make strawberry picking a family tradition,Google Ads,4161,360,48,8.65,82.89
2024-06-18,Strawberry Picking Fun for All Ages!,Multi-generational Families,Make strawberry picking a family tradition,Email Campaign,837,60,4,7.17,38.72
2024-06-18,Strawberry Picking Fun for All Ages!,Multi-generational Families,Make strawberry picking a family tradition,Twitter,1535,66,1,4.3,147.65
2024-06-19,Strawberry Picking Fun for All Ages!,Multi-generational Families,Make strawberry picking a family tradition,Facebook,4979,51,7,1.02,41.89
2024-06-19,Strawberry Picking Fun for All Ages!,Multi-generational Families,Make strawberry picking a family tradition,Instagram,1290,98,5,7.6,68.17
2024-06-19,Strawberry Picking Fun for All Ages!,Multi-generational Families,Make strawberry picking a family tradition,Google Ads,3418,93,7,2.72,198.17
2024-06-19,Strawberry Picking Fun for All Ages!,Multi-generational Families,Make strawberry picking a family tradition,Email Campaign,2593,225,25,8.68,100.34
2024-06-19,Strawberry Picking Fun for All Ages!,Multi-generational Families,Make strawberry picking a family tradition,Twitter,1229,92,17,7.49,63.1
2024-06-20,Strawberry Picking Fun for All Ages!,Multi-generational Families,Make strawberry picking a family tradition,Facebook,3246,89,16,2.74,63.44
2024-06-20,Strawberry Picking Fun for All Ages!,Multi-generational Families,Make strawberry picking a family tradition,Instagram,2894,72,1,2.49,41.64
2024-06-20,Strawberry Picking Fun for All Ages!,Multi-generational Families,Make strawberry picking a family tradition,Google Ads,544,50,10,9.19,60.41
2024-06-20,Strawberry Picking Fun for All Ages!,Multi-generational Families,Make strawberry picking a family tradition,Email Campaign,1654,53,6,3.2,81.46
2024-06-20,Strawberry Picking Fun for All Ages!,Multi-generational Families,Make strawberry picking a family tradition,Twitter,2532,173,28,6.83,60.7
2024-06-21,Strawberry Picking Fun for All Ages!,Multi-generational Families,Make strawberry picking a family tradition,Facebook,3861,258,12,6.68,68.22
2024-06-21,Strawberry Picking Fun for All Ages!,Multi-generational Families,Make strawberry picking a family tradition,Instagram,1712,138,8,8.06,186.18
2024-06-21,Strawberry Picking Fun for All Ages!,Multi-generational Families,Make strawberry picking a family tradition,Google Ads,3457,88,17,2.55,141.89
2024-06-21,Strawberry Picking Fun for All Ages!,Multi-generational Families,Make strawberry picking a family tradition,Email Campaign,3293,165,15,5.01,174.23
2024-06-21,Strawberry Picking Fun for All Ages!,Multi-generational Families,Make strawberry picking a family tradition,Twitter,3074,246,31,8.0,178.5
2024-06-22,Strawberry Picking Fun for All Ages!,Multi-generational Families,Make strawberry picking a family tradition,Facebook,1266,109,10,8.61,28.5
2024-06-22,Strawberry Picking Fun for All Ages!,Multi-generational Families,Make strawberry picking a family tradition,Instagram,4114,179,7,4.35,198.82
2024-06-22,Strawberry Picking Fun for All Ages!,Multi-generational Families,Make strawberry picking a family tradition,Google Ads,3702,278,45,7.51,87.01
2024-06-22,Strawberry Picking Fun for All Ages!,Multi-generational Families,Make strawberry picking a family tradition,Email Campaign,660,56,2,8.48,141.6
2024-06-22,Strawberry Picking Fun for All Ages!,Multi-generational Families,Make strawberry picking a family tradition,Twitter,4190,377,53,9.0,84.72
2024-06-23,Strawberry Picking Fun for All Ages!,Multi-generational Families,Make strawberry picking a family tradition,Facebook,3282,52,6,1.58,95.35
2024-06-23,Strawberry Picking Fun for All Ages!,Multi-generational Families,Make strawberry picking a family tradition,Instagram,1941,119,9,6.13,186.63
2024-06-23,Strawberry Picking Fun for All Ages!,Multi-generational Families,Make strawberry picking a family tradition,Google Ads,1866,100,14,5.36,48.53
2024-06-23,Strawberry Picking Fun for All Ages!,Multi-generational Families,Make strawberry picking a family tradition,Email Campaign,1448,140,25,9.67,172.37
2024-06-23,Strawberry Picking Fun for All Ages!,Multi-generational Families,Make strawberry picking a family tradition,Twitter,1793,119,16,6.64,178.18
2024-06-24,Strawberry Picking Fun for All Ages!,Multi-generational Families,Make strawberry picking a family tradition,Facebook,4578,328,58,7.16,91.26
2024-06-24,Strawberry Picking Fun for All Ages!,Multi-generational Families,Make strawberry picking a family tradition,Instagram,4452,148,5,3.32,73.89
2024-06-24,Strawberry Picking Fun for All Ages!,Multi-generational Families,Make strawberry picking a family tradition,Google Ads,3083,152,12,4.93,171.0
2024-06-24,Strawberry Picking Fun for All Ages!,Multi-generational Families,Make strawberry picking a family tradition,Email Campaign,2792,178,27,6.38,39.01
2024-06-24,Strawberry Picking Fun for All Ages!,Multi-generational Families,Make strawberry picking a family tradition,Twitter,2147,56,8,2.61,131.8
2024-06-25,Strawberry Picking Fun for All Ages!,Multi-generational Families,Make strawberry picking a family tradition,Facebook,4734,320,51,6.76,75.86
2024-06-25,Strawberry Picking Fun for All Ages!,Multi-generational Families,Make strawberry picking a family tradition,Instagram,4067,283,41,6.96,85.85
2024-06-25,Strawberry Picking Fun for All Ages!,Multi-generational Families,Make strawberry picking a family tradition,Google Ads,836,52,6,6.22,197.16
2024-06-25,Strawberry Picking Fun for All Ages!,Multi-generational Families,Make strawberry picking a family tradition,Email Campaign,584,52,4,8.9,66.65
2024-06-25,Strawberry Picking Fun for All Ages!,Multi-generational Families,Make strawberry picking a family tradition,Twitter,3610,174,13,4.82,54.76
2024-06-26,Strawberry Picking Fun for All Ages!,Multi-generational Families,Make strawberry picking a family tradition,Facebook,4098,190,7,4.64,21.8
2024-06-26,Strawberry Picking Fun for All Ages!,Multi-generational Families,Make strawberry picking a family tradition,Instagram,963,88,12,9.14,180.49
2024-06-26,Strawberry Picking Fun for All Ages!,Multi-generational Families,Make strawberry picking a family tradition,Google Ads,3227,266,42,8.24,181.3
2024-06-26,Strawberry Picking Fun for All Ages!,Multi-generational Families,Make strawberry picking a family tradition,Email Campaign,1858,144,18,7.75,98.69
2024-06-26,Strawberry Picking Fun for All Ages!,Multi-generational Families,Make strawberry picking a family tradition,Twitter,4008,294,13,7.34,128.53
2024-06-27,Strawberry Picking Fun for All Ages!,Multi-generational Families,Make strawberry picking a family tradition,Facebook,1458,65,4,4.46,178.3
2024-06-27,Strawberry Picking Fun for All Ages!,Multi-generational Families,Make strawberry picking a family tradition,Instagram,3076,218,2,7.09,118.94
2024-06-27,Strawberry Picking Fun for All Ages!,Multi-generational Families,Make strawberry picking a family tradition,Google Ads,3129,115,1,3.68,94.91
2024-06-27,Strawberry Picking Fun for All Ages!,Multi-generational Families,Make strawberry picking a family tradition,Email Campaign,3211,180,19,5.61,59.18
2024-06-27,Strawberry Picking Fun for All Ages!,Multi-generational Families,Make strawberry picking a family tradition,Twitter,3411,151,9,4.43,73.22
2024-06-28,Strawberry Picking Fun for All Ages!,Multi-generational Families,Make strawberry picking a family tradition,Facebook,3247,214,25,6.59,57.43
2024-06-28,Strawberry Picking Fun for All Ages!,Multi-generational Families,Make strawberry picking a family tradition,Instagram,2928,267,17,9.12,138.41
2024-06-28,Strawberry Picking Fun for All Ages!,Multi-generational Families,Make strawberry picking a family tradition,Google Ads,4169,127,8,3.05,92.77
2024-06-28,Strawberry Picking Fun for All Ages!,Multi-generational Families,Make strawberry picking a family tradition,Email Campaign,4904,459,76,9.36,154.88
2024-06-28,Strawberry Picking Fun for All Ages!,Multi-generational Families,Make strawberry picking a family tradition,Twitter,2470,192,12,7.77,21.39
2024-06-29,Strawberry Picking Fun for All Ages!,Multi-generational Families,Make strawberry picking a family tradition,Facebook,1720,170,15,9.88,179.27
2024-06-29,Strawberry Picking Fun for All Ages!,Multi-generational Families,Make strawberry picking a family tradition,Instagram,2737,135,1,4.93,159.45
2024-06-29,Strawberry Picking Fun for All Ages!,Multi-generational Families,Make strawberry picking a family tradition,Google Ads,4391,214,35,4.87,117.84
2024-06-29,Strawberry Picking Fun for All Ages!,Multi-generational Families,Make strawberry picking a family tradition,Email Campaign,528,51,1,9.66,106.78
2024-06-29,Strawberry Picking Fun for All Ages!,Multi-generational Families,Make strawberry picking a family tradition,Twitter,3931,333,47,8.47,111.23
2024-06-30,Strawberry Picking Fun for All Ages!,Multi-generational Families,Make strawberry picking a family tradition,Facebook,3476,207,38,5.96,118.52
2024-06-30,Strawberry Picking Fun for All Ages!,Multi-generational Families,Make strawberry picking a family tradition,Instagram,2622,160,4,6.1,42.21
2024-06-30,Strawberry Picking Fun for All Ages!,Multi-generational Families,Make strawberry picking a family tradition,Google Ads,1107,52,2,4.7,161.67
2024-06-30,Strawberry Picking Fun for All Ages!,Multi-generational Families,Make strawberry picking a family tradition,Email Campaign,3643,292,45,8.02,45.86
2024-06-30,Strawberry Picking Fun for All Ages!,Multi-generational Families,Make strawberry picking a family tradition,Twitter,3181,193,27,6.07,28.1
